{
  "model_name": "logmel_1dcnn",
  "feature_type": "logmel",
  "best_val_loss": 1.0285946749971444,
  "best_val_acc": 0.6565874730021598,
  "test_loss": 1.0605142608765632,
  "test_acc": 0.6408602150537634,
  "avg_epoch_time_sec": 6.271574999999999,
  "total_params": 145610,
  "trainable_params": 145610,
  "class_names": [
    "air_conditioner",
    "car_horn",
    "children_playing",
    "dog_bark",
    "drilling",
    "engine_idling",
    "gun_shot",
    "jackhammer",
    "siren",
    "street_music"
  ],
  "classification_report": {
    "air_conditioner": {
      "precision": 0.5416666666666666,
      "recall": 0.52,
      "f1-score": 0.5306122448979592,
      "support": 50.0
    },
    "car_horn": {
      "precision": 0.65625,
      "recall": 0.6363636363636364,
      "f1-score": 0.6461538461538462,
      "support": 33.0
    },
    "children_playing": {
      "precision": 0.5952380952380952,
      "recall": 0.5,
      "f1-score": 0.5434782608695652,
      "support": 50.0
    },
    "dog_bark": {
      "precision": 1.0,
      "recall": 0.66,
      "f1-score": 0.7951807228915663,
      "support": 50.0
    },
    "drilling": {
      "precision": 0.6285714285714286,
      "recall": 0.44,
      "f1-score": 0.5176470588235295,
      "support": 50.0
    },
    "engine_idling": {
      "precision": 0.4931506849315068,
      "recall": 0.72,
      "f1-score": 0.5853658536585366,
      "support": 50.0
    },
    "gun_shot": {
      "precision": 0.7209302325581395,
      "recall": 0.96875,
      "f1-score": 0.8266666666666667,
      "support": 32.0
    },
    "jackhammer": {
      "precision": 0.6862745098039216,
      "recall": 0.7,
      "f1-score": 0.693069306930693,
      "support": 50.0
    },
    "siren": {
      "precision": 0.9333333333333333,
      "recall": 0.56,
      "f1-score": 0.7,
      "support": 50.0
    },
    "street_music": {
      "precision": 0.5256410256410257,
      "recall": 0.82,
      "f1-score": 0.640625,
      "support": 50.0
    },
    "accuracy": 0.6408602150537634,
    "macro avg": {
      "precision": 0.6781055976744117,
      "recall": 0.6525113636363636,
      "f1-score": 0.6478798960892362,
      "support": 465.0
    },
    "weighted avg": {
      "precision": 0.6772468917229233,
      "recall": 0.6408602150537634,
      "f1-score": 0.6410222207741995,
      "support": 465.0
    }
  },
  "confusion_matrix": [
    [
      26,
      1,
      2,
      0,
      2,
      16,
      0,
      0,
      1,
      2
    ],
    [
      1,
      21,
      0,
      0,
      0,
      0,
      5,
      4,
      0,
      2
    ],
    [
      2,
      1,
      25,
      0,
      4,
      1,
      1,
      0,
      1,
      15
    ],
    [
      0,
      6,
      0,
      33,
      0,
      1,
      4,
      3,
      0,
      3
    ],
    [
      8,
      0,
      2,
      0,
      22,
      5,
      1,
      5,
      0,
      7
    ],
    [
      7,
      0,
      1,
      0,
      4,
      36,
      0,
      1,
      0,
      1
    ],
    [
      0,
      0,
      0,
      0,
      0,
      0,
      31,
      1,
      0,
      0
    ],
    [
      1,
      0,
      0,
      0,
      0,
      13,
      1,
      35,
      0,
      0
    ],
    [
      3,
      2,
      6,
      0,
      1,
      1,
      0,
      2,
      28,
      7
    ],
    [
      0,
      1,
      6,
      0,
      2,
      0,
      0,
      0,
      0,
      41
    ]
  ],
  "resolved_data_dir": "C:\\Code\\Deep Learning\\csc4005-lab3-1dcnn-TrieuQuocAnh\\UrbanSound8K"
}